url,price
https://flippa.com/8181923-petsitter-job-search,$149
https://flippa.com/8177513-penguin-run,$51
https://flippa.com/8173561-candy-crunch-blast,$200
https://flippa.com/8180282-fruit-splash-crush,$61
https://flippa.com/8172885-fox-slots,$65
https://flippa.com/8154233-galaxy-iron-fist,$210
https://flippa.com/8177501-cube-up-down,$16
https://flippa.com/8180225-pirates-battle-arcade,$29
https://flippa.com/8052928-free-music-stream-mp3-hq-sound,"$2,900"
https://flippa.com/8180715-moo-memory-game-for-kids,$100
https://flippa.com/8142739-autocall-recorder-plus,$175
https://flippa.com/8087358-caller-name-announcer-pro,$160
https://flippa.com/8157334-predict-dota-2,"$1,000"
https://flippa.com/8149106-super-soccer-3d-slots,$150
https://flippa.com/8180060-whois-test,$67
https://flippa.com/8175170-moving-boll,$41
https://flippa.com/8168237-friendue,$169
https://flippa.com/8168242-business-index,$129
https://flippa.com/8177694-treasures-match-adventure,$70
https://flippa.com/8173546-flying-jet,$41
https://flippa.com/8180664-2nd-account-for-whatsapp,$160
https://flippa.com/8181667-ottomania,"$15,001"
https://flippa.com/8177523-wolf-casino-slots,$50
https://flippa.com/8110016-game-of-truth,$400
https://flippa.com/8160324-social-media-hubster,$606
https://flippa.com/8175488-diamond-match-mania,$85
https://flippa.com/8165398-3d-copter-assault-vr-360,$500
https://flippa.com/8171187-crazy-cube-crush,$45
https://flippa.com/8164870-screencast-pro-no-root,$150
https://flippa.com/8171144-fox-hexa-puzzle,$90
https://flippa.com/8171119-speed-boat,$31
https://flippa.com/8157242-crazy-jumpy,$820
https://flippa.com/8161542-go-kart-racing,"$3,500"
https://flippa.com/8170285-jungle-runner,$47
https://flippa.com/8174999-buddiez,$60
https://flippa.com/8176633-funny-ball-match,$115
https://flippa.com/8168096-hexagon-vs-arrow,$50
https://flippa.com/8168014-lady-hunter,$16
https://flippa.com/8154314-custom-skin-creator,"$7,550"
https://flippa.com/8162018-multi-converter,$129
https://flippa.com/8167849-monkey-run,$30
https://flippa.com/8156872-space-cannon,$46
https://flippa.com/8154884-instant-currency-converter,$155
https://flippa.com/8167114-car-climbing,$35
https://flippa.com/8164553-animals-match-adventure,$61
https://flippa.com/8167103-diamond-slots,$65
https://flippa.com/8172873-mini-match-fury,$40
https://flippa.com/8165052-sky-jet-war,$80
https://flippa.com/8166123-battle-of-aircraft,$60
https://flippa.com/8156777-flicker-soccer,"$1,000"
https://flippa.com/8154259-viking-warrior,$55
https://flippa.com/8165838-ghost-hero,$51
https://flippa.com/8165759-turtle-slots,$55
https://flippa.com/8167547-cartoon-match-world,$90
https://flippa.com/8160294-lil-soldier-run,$41
https://flippa.com/8164604-bear-miners,$30
https://flippa.com/8147914-hop-cube-twisting,$150
https://flippa.com/8154862-boxgames,$40
https://flippa.com/8149174-digi-block-jumping,$200
https://flippa.com/8142733-fast-reddit-reader,$199
https://flippa.com/8161518-speed-ball,$46
https://flippa.com/8161556-crazy-cube-flip,$35
https://flippa.com/8165018-angry-jelly-mark,$85
https://flippa.com/8148584-android-app,$202
https://flippa.com/8157541-second-account-for-whatsapp,$150
https://flippa.com/8109835-guess-word,$700
https://flippa.com/8160046-go-up-octopus,$75
https://flippa.com/8158639-diamond-match-fun,$70
https://flippa.com/8154415-red-blaze,$80
https://flippa.com/8158788-car-cruise-2018,$26
https://flippa.com/8156053-play-fruits-match,$72
https://flippa.com/8155793-math-puzzle-evolution,$75
https://flippa.com/8158282-winter-ski,$61
https://flippa.com/8155355-batteryoptimizer,$70
https://flippa.com/8155166-shoot-and-bang,$100
https://flippa.com/8154238-mightyboy,$50
https://flippa.com/8156670-target-point,$50
https://flippa.com/8156305-the-jet-fighter,$30
https://flippa.com/8155809-ball-puzzle,$19
https://flippa.com/8155810-cupcakes-match,$24
https://flippa.com/8109985-tic-tac-toe-neon,$46
https://flippa.com/8155676-lady-vs-monster,$35
https://flippa.com/8155699-jurassic-slots,$75
https://flippa.com/8155687-crazy-octopus,$31
https://flippa.com/8149323-infinite-dot-run,$159
https://flippa.com/8106509-muslim-case-prayers-athan,$80
https://flippa.com/8109444-motocross-biking-adventure-v2,$170
https://flippa.com/8144680-cash-me-outside-how-bout-dat,$155
https://flippa.com/8018204-core-power-daily-training-abs,$782
https://flippa.com/8155165-the-santa-run,$33
https://flippa.com/8152650-ninja-climbing,$70
https://flippa.com/8143320-dice-games-craps,$150
https://flippa.com/8157503-elley-birds,$100
https://flippa.com/8141098-stony-rain,$200
https://flippa.com/8154128-fighter-plane,$25
https://flippa.com/8154138-mountain-racing,$40
https://flippa.com/8145871-basketball-bounce,$50
https://flippa.com/8138759-pipe-flush-plumbing-wizard,$45
https://flippa.com/8156975-desert-sniper-short-dust-2017,$250
https://flippa.com/8149652-soldier-jump,$36
https://flippa.com/7973460-galaxy-soldier,$30
https://flippa.com/7946819-cute-pets-world-match,$150
https://flippa.com/7979600-jungle-book-adventures,$175
https://flippa.com/7964743-gradeamathgames-subtraction,$45
https://flippa.com/7968067-android-app,$55
https://flippa.com/7978367-difficult-ski,$20
https://flippa.com/7973082-run-boll,$25
https://flippa.com/7946915-beef-video-rap-battle,$425
https://flippa.com/7975706-my-little-genius,$400
https://flippa.com/7975727-dumbbell-exercises-and-workout,$905
https://flippa.com/7977165-skippy-car,$16
https://flippa.com/7977076-crazy-motocross,$45
https://flippa.com/7977175-ninja-panda,$129
https://flippa.com/7971270-amazing-adventure-journey,$36
https://flippa.com/7967359-umbrella-adventure,$90
https://flippa.com/7964086-falling-bricks-arcade-game,$40
https://flippa.com/7975551-fox-adventure,$30
https://flippa.com/7975061-sky-fighters,$55
https://flippa.com/7975420-angry-rider,$50
https://flippa.com/7956962-flywars,$200
https://flippa.com/7962933-winter-duck-hunt,$30
https://flippa.com/7972288-pixel-car-go,$30
https://flippa.com/7977098-tap-genius,$25
https://flippa.com/7902461-world-pocket-travel-guide,$245
https://flippa.com/7976387-smart-call-blocker,$199
https://flippa.com/7955892-smart-ram-cleaner,$50
https://flippa.com/7902449-flash-alerts-on-call-sms-pro,$60
https://flippa.com/7956989-funny-match-world,$80
https://flippa.com/7902455-screen-recorder-free-no-root,$240
https://flippa.com/7902452-automatic-call-recorder-free,$163
https://flippa.com/7964769-ram-booster-clean-master,$1
https://flippa.com/7964070-gradeamathgames-addition,$11
https://flippa.com/7977557-fast-traffic-racing-3d,$450
https://flippa.com/7975394-trump-hunting,$180
https://flippa.com/7973750-ninja-incompleted-mission,$56
https://flippa.com/7968210-space-war,$35
https://flippa.com/7972410-abc-kids-game,$499
https://flippa.com/7967204-tap-aloud-2,$30
https://flippa.com/7973490-don-t-sink,$35
https://flippa.com/7906206-to-do-list,$175
https://flippa.com/7788746-mylo-retro-arcade-game,$300
https://flippa.com/7965424-daily-horoscope,$79
https://flippa.com/7968324-cpu-z,$26
https://flippa.com/7955404-purple-magic-junk-sweeper,$31
https://flippa.com/7967147-spaceship-adventure,$50
https://flippa.com/7891536-world-adventure,$25
https://flippa.com/7891475-fishy-survive,$19
https://flippa.com/7906100-big-must-jump,$24
https://flippa.com/7969649-shooter-boy,$60
https://flippa.com/7964916-toony-sniper-3d,$350
https://flippa.com/8006690-super-shooter-jungle-world,$35
https://flippa.com/8006706-alien-helicopter,$21
https://flippa.com/8007686-complete-islamic-app,$35
https://flippa.com/7990714-redux-dungeon-hunter-no-mercy,$125
https://flippa.com/7966502-women-shoes,$114
https://flippa.com/8006648-galaxy-soldier,$25
https://flippa.com/8001273-screen-capture-pro-no-root,$100
https://flippa.com/7979445-shining-fruit-match,$101
https://flippa.com/7988976-instasquare-snappy-photo,$150
https://flippa.com/7978260-fruit-crush,$131
https://flippa.com/7964046-digital-signature-easy-paint,$61
https://flippa.com/8001496-live-horoscope,$199
https://flippa.com/8002051-dragon-slots,$95
https://flippa.com/8006641-web-catch,$36
https://flippa.com/8001785-slither-and-slithers,$35
https://flippa.com/7979168-power-battery-doctor-saver-pro,$149
https://flippa.com/7794454-selfie-shmelfie-1-0,$105
https://flippa.com/7977623-find-in-file,$26
https://flippa.com/7997838-trump-vs-world,$100
https://flippa.com/8001509-golf-trophy-game-2017,$125
https://flippa.com/7989904-monster-jump-endless-runner,$50
https://flippa.com/7946938-wrecking-bird,$35
https://flippa.com/7979572-ultimate-jungle-sniper-shooter,$300
https://flippa.com/7890074-desert-sniper-special-forces,$300
https://flippa.com/8006820-boy-vs-zombies,$60
https://flippa.com/7973491-one-tap-cleaner-pro,$125
https://flippa.com/7979167-planeo,$38
https://flippa.com/7999860-spooky-escape,$80
https://flippa.com/7976754-jet-attack,$34
https://flippa.com/7888500-magic-cube-game,$35
https://flippa.com/7948872-clean-sober-time,"$2,500"
https://flippa.com/7973747-little-foxy-run,$80
https://flippa.com/7997884-sandwich-stack,$36
https://flippa.com/7999780-surrounded,$11
https://flippa.com/7997898-swamp-dragonfly,$31
https://flippa.com/7989134-clean-my-cave,$21
https://flippa.com/7989872-7-minute-6-pack-training-plan,"$3,000"
https://flippa.com/7989858-fat-burning-7-minute-workouts,"$3,000"
https://flippa.com/7800745-revolvy-survival,$150
https://flippa.com/7888616-guide-the-dots,$150
https://flippa.com/7990521-highway-most-wanted,$500
https://flippa.com/7979020-super-user,$35
https://flippa.com/7979962-sweet-match-3-cake-and-cookie,$70
https://flippa.com/7964492-cookie-legend-2,"$4,000"
https://flippa.com/7990641-sling-master,$45
https://flippa.com/7973325-phone-junk-cleaner,$90
https://flippa.com/7964746-speed-booster-ultimate,$25
https://flippa.com/7973713-risky-box-room,$6
https://flippa.com/7978993-samurai-vs-ninja,$20
https://flippa.com/7979925-noroot-screen-recorder,$99
https://flippa.com/7790827-super-dragon-adventures,$60
https://flippa.com/7675571-santa-claus-jetpack,$60
https://flippa.com/7675787-ninja-warrior-runner,$305
https://flippa.com/7768532-ninja-vs-zombies,$60
https://flippa.com/7679379-sir-bird-fly,$125
https://flippa.com/7678203-zombie-land,$80
https://flippa.com/7772860-gravity-critters,$10
https://flippa.com/7790709-english-for-kids,$275
https://flippa.com/7674066-puzzle-mortal-kombat,$130
https://flippa.com/7683288-sky-plane-fight,$75
https://flippa.com/7652030-running-mascot-winter-world,$100
https://flippa.com/7675816-super-security-clean-boost,$190
https://flippa.com/7702704-candy-paradise,$299
https://flippa.com/7670507-choky-road,$200
https://flippa.com/7675698-schedule-future-message,$35
https://flippa.com/7676516-cops-vs-gangs,$60
https://flippa.com/7666625-fake-gps-fake-your-location,$620
https://flippa.com/7685387-flappy-ufo,$49
https://flippa.com/7675736-ninja-vs-lizard,$36
https://flippa.com/7670689-robin-the-op-archer,$200
https://flippa.com/7674771-fruit-world-blast,$90
https://flippa.com/7677235-turbo-surfers,$190
https://flippa.com/7673927-octo-world-pro,$45
https://flippa.com/7674454-shoot-running-soldier,$125
https://flippa.com/7674453-sea-adventure,$51
https://flippa.com/7674449-tiny-minecart,$99
https://flippa.com/7674583-burlaos-baila,$29
https://flippa.com/7656181-flower-journey,$75
https://flippa.com/7673056-nearby-app,$155
https://flippa.com/7231775-flappy-cat,$107
https://flippa.com/7665773-kids-school-at-home,$75
https://flippa.com/7675325-crazy-magic-jewel-master,$45
https://flippa.com/7672661-fat-burning-7-minute-workouts,"$3,000"
https://flippa.com/7683369-dash-puzzle,$99
https://flippa.com/7149857-save-plane,$500
https://flippa.com/7672885-funny-jelly-face-match,$41
https://flippa.com/7661675-springy-bird,$150
https://flippa.com/7665873-apps-backup-share-apps-apk,$95
https://flippa.com/7673025-make-money-mcash-wallet,$200
https://flippa.com/7672254-draw-me-physics,$75
https://flippa.com/7666118-sky-battles,$65
https://flippa.com/7661003-color-wars,$55
https://flippa.com/7673587-heroes-mortal-kombat-all,$400
https://flippa.com/7185228-how-to-draw-mortal-kombat-2,$800
https://flippa.com/7673925-hexaid-fly,$100
https://flippa.com/7663365-7-ios-android-games-bundle-last-2016-sale-special,$500
https://flippa.com/7673677-aliens-vs-zombies,$60
https://flippa.com/7126212-stack-gold,$70
https://flippa.com/7673992-music-mixer-app,$79
https://flippa.com/7662091-easy-meme-maker,$300
https://flippa.com/7891292-juice-fruit-fresh,$299
https://flippa.com/7887329-privytalk,$85
https://flippa.com/7890852-comet,$40
https://flippa.com/7814331-eazy-rewards-earn-real-money,$300
https://flippa.com/7888015-dracula-underground,$40
https://flippa.com/7797885-daily-horoscope-date-of-birth,$50
https://flippa.com/7853407-apps-locker,$175
https://flippa.com/7887722-tap-aloud-multiplayer,$25
https://flippa.com/7814125-aliens-versus-zombies,$100
https://flippa.com/7800342-math-fun,$229
https://flippa.com/7814257-good-alien,$80
https://flippa.com/7801403-mix-roja-light,$65
https://flippa.com/7820642-zombie-run-2d,$99
https://flippa.com/7796850-desert-sniper-assassin-shooter,$275
https://flippa.com/7656268-hop-car,$150
https://flippa.com/7801183-gym-workouts-for-women,"$3,000"
https://flippa.com/7797559-desert-hero-adventure,$75
https://flippa.com/7801059-fonezone-repair-your-fone,$80
https://flippa.com/7774930-flashlight-color,$99
https://flippa.com/7782961-chords-guitar-tuner-bank,$21
https://flippa.com/7797539-anti-terrorists,$60
https://flippa.com/7813902-monkey-jump,$65
https://flippa.com/7796518-planet-jump,$99
https://flippa.com/7739584-ranger-boy,$56
https://flippa.com/7811558-music-mixer-pad,$300
https://flippa.com/7749141-how-to-draw-mortal-kombat-1,$300
https://flippa.com/7749454-draw-mortal-kombat-battle,$350
https://flippa.com/7685251-runny-bunny,$100
https://flippa.com/7685004-360-battery-saver-plus,$40
https://flippa.com/7796886-emoticon-go,$17
https://flippa.com/7666823-english-to-english-dictionary,$140
https://flippa.com/7796578-ninja-runner,$43
https://flippa.com/7798899-fly-breaker,$120
https://flippa.com/7666868-dress-designs,$120
https://flippa.com/7792559-ultimate-battery-saver-pro,$120
https://flippa.com/7683139-horse-run-an-adventure-game,$75
https://flippa.com/7785077-boost-and-clean,$30
https://flippa.com/7797689-gap-dash,$325
https://flippa.com/7684343-power-ram-cleaner,$55
https://flippa.com/7674016-bubble-shooter-2017,$70
https://flippa.com/7800941-birds-cannon,$129
https://flippa.com/7685174-penguin-adventure-running,$105
https://flippa.com/7653594-mr-umbrella-ultimate,$85
https://flippa.com/7676845-booster-cleaner-pro,$46
https://flippa.com/7652022-candy-gems-bounce,$75
https://flippa.com/7792613-super-monk,$100
https://flippa.com/7677348-boy-vs-robots,$40
https://flippa.com/7672666-mo-vlogs,$85
https://flippa.com/7157521-arcade-memory-game,$120
https://flippa.com/7678481-hexadu-fire,$150
https://flippa.com/7663523-cave-adventure,$31
https://flippa.com/7663860-fast-battery-charger,$149
https://flippa.com/7530688-knight-escape-egyptian-zombie,$65
https://flippa.com/7165533-robin-adventure,$68
https://flippa.com/7672706-sub-dive-adventure,$150
https://flippa.com/7664440-rat-ville,$100
https://flippa.com/7660213-ostrich-vs-coyotes,$99
https://flippa.com/7660915-super-cleaner-ultimate,$61
https://flippa.com/7261265-traffic-racer-city-highway,"$7,000"
https://flippa.com/7660910-fruit-match-world,$100
https://flippa.com/7539017-android-app,$75
https://flippa.com/7166264-basket-fun,"$1,500"
https://flippa.com/7654282-draw-presidents,$50
https://flippa.com/7659957-fall-switch,$26
https://flippa.com/7660993-jungle-slot-machine,$65
https://flippa.com/7659758-jewels-cannon,$99
https://flippa.com/7150470-xinahood-revenge-adventure,$50
https://flippa.com/7169881-instasaver-photo-video-pro,$99
https://flippa.com/7358342-mega-cleaner-booster,$279
https://flippa.com/7508583-tattoo-my-photo-2,$65
https://flippa.com/7660122-biker-brawl,$162
https://flippa.com/6999775-escape-city-action,$41
https://flippa.com/7128831-hopping-croco,$50
https://flippa.com/7656996-mathx-homework-assistant,$55
https://flippa.com/7660176-swift-shapes,$90
https://flippa.com/7655303-street-runner,$40
https://flippa.com/7498195-real-graffiti,$240
https://flippa.com/7656265-bouncing-ball-3d,$135
https://flippa.com/7651258-avoid-grind,$46
https://flippa.com/7650891-crazy-bottle-flip-challenge,$46
https://flippa.com/7598071-the-pirate-runner,$55
https://flippa.com/7654120-flash-alerts,$125
https://flippa.com/7143200-android-app,$50
https://flippa.com/7185020-tricky-trap,$300
https://flippa.com/7653238-baby-classes,$51
https://flippa.com/7182657-thunder-striker-space,$450
https://flippa.com/7598798-mafia-gangster-city,$300
https://flippa.com/7314258-crafting-joy,$379
https://flippa.com/7656115-swamp-rat,$129
https://flippa.com/7653793-zoopedia-match-3-games,$55
https://flippa.com/7651978-match-3-candy-game,$40
https://flippa.com/7653345-craft-finder,$37
https://flippa.com/7206533-ninja-world-adventure,$100
https://flippa.com/7129335-night-candle-voice-control,$36
https://flippa.com/7169277-ninja-dash,$80
https://flippa.com/7169884-super-pool-player-pro,$550
https://flippa.com/7539557-funny-cartoon-match,$35
https://flippa.com/7617838-battery-saver-and-cleaner,$50
https://flippa.com/7952340-zombie-takedown,$100
https://flippa.com/7685015-chun-li-adventures,$180
https://flippa.com/7944437-bat-cave,$22
https://flippa.com/7656835-advanced-redirect-sms-email,$99
https://flippa.com/7875043-smash-the-ant,$31
https://flippa.com/7908177-world-currency-converter,$96
https://flippa.com/7901221-desert-duck-hunt,$21
https://flippa.com/7947381-tropical-run,$35
https://flippa.com/7947052-sling-z,$50
https://flippa.com/7948513-falling-ball,$40
https://flippa.com/7908183-zombie-casino-slots,$110
https://flippa.com/7944155-flashlight-alerts,$60
https://flippa.com/7908031-tic-tac-colors,$25
https://flippa.com/7908008-police-escape,$37
https://flippa.com/7887492-master-screen-recorder,$115
https://flippa.com/7655338-share-my-location-gps-tracker,$505
https://flippa.com/7945520-fire-100-charts-radio,$605
https://flippa.com/7884268-run-horse-run-fast,$30
https://flippa.com/7666547-moovzi-on-demand-move-delivery,"$3,600"
https://flippa.com/7944369-build-up,$45
https://flippa.com/7945127-learn-about-saxophones,$11
https://flippa.com/7798858-diamond-boom-match-3,$35
https://flippa.com/7901244-dawg-world,$70
https://flippa.com/7902755-fire-monster,$36
https://flippa.com/7704245-ram-booster-clean-master,$105
https://flippa.com/7901957-tiny-shooter,$35
https://flippa.com/7908065-walls45,$85
https://flippa.com/7660411-super-clarence-adventure,$200
https://flippa.com/7858336-door-screen-locker,$146
https://flippa.com/7750435-tattoo-designs,$120
https://flippa.com/7906105-junk-sweeper-memory-optimizer,$120
https://flippa.com/7890268-boy-vs-robots,$60
https://flippa.com/7800960-tower-jump,$85
https://flippa.com/7900965-don-t-break,$35
https://flippa.com/7157508-chess-game-free,$65
https://flippa.com/7888062-monster-world,$75
https://flippa.com/7810778-game-kids-education,$155
https://flippa.com/7865747-falling-bricks-arcade-game,$72
https://flippa.com/7889843-dual-planet,$54
https://flippa.com/7889548-danie-adventure,$33
https://flippa.com/7889545-jump-rope-skipping-rope,"$1,700"
https://flippa.com/7889535-jumpy-zombie,$36
https://flippa.com/7837449-bubble-bird,$250
https://flippa.com/7902445-up-down,$40
https://flippa.com/7810805-little-monkey-run,$55
https://flippa.com/7902011-dessert-runner,$220
https://flippa.com/7802446-warrior-blonde-girl,$40
https://flippa.com/7802996-craft-arena,$155
https://flippa.com/7902524-candy-blast,$99
https://flippa.com/7900961-bombs-vs-fruits,$34
https://flippa.com/7955852-learn-about-trumpets,$7
https://flippa.com/7955395-craft-arena,$70
https://flippa.com/7945115-hills-runner,$125
https://flippa.com/7966065-ball3d,$35
https://flippa.com/7969587-honey-bear,$90
https://flippa.com/7971969-sling-physics,$21
https://flippa.com/7970638-beach-duckie-hunt,$16
https://flippa.com/7953819-mad-puffy-bird,$195
https://flippa.com/7967224-pop-the-clock,$43
https://flippa.com/7903634-kenny-craft,$105
https://flippa.com/7965912-flappy-basketbird,$52
https://flippa.com/7965897-castle-casino-slots,$101
https://flippa.com/7810838-trump-s-billioniare-coin-dozer,"$1,500"
https://flippa.com/7968088-zombie-casino-slots,$15
https://flippa.com/7162444-fonezone-repair-your-fone,$20
https://flippa.com/7944564-cowboy-girl-vs-skulls,$34
https://flippa.com/7953185-swat-city,$50
https://flippa.com/7749749-disco-light,$55
https://flippa.com/7944571-bug-shooter,$24
https://flippa.com/7911754-cat-a-fortune,$20
https://flippa.com/7963020-shopping-list-hero,$25
https://flippa.com/7953549-fruit-farm-panda,$150
https://flippa.com/7952769-defend-the-fort,$95
https://flippa.com/7801079-fruit-monster-blast,$115
https://flippa.com/7952790-basketball-cannon,$48
https://flippa.com/7957006-flappy-jungle,$50
https://flippa.com/7957005-color-puzzle,$24
https://flippa.com/7946882-cupcake-crush-mania,$175
https://flippa.com/7953647-jjjjj-jump,$25
https://flippa.com/7947076-debt-and-savings-manager-lite,$65
https://flippa.com/7953192-rocket-pig,$70
https://flippa.com/7948788-super-booster,$66
https://flippa.com/7963107-sniper-shooter-military-zombie,$200
https://flippa.com/7158102-all-gta-cheats,$850
https://flippa.com/7792391-girls-hairstyles,$110
https://flippa.com/7952780-jumpy-ball,$45
https://flippa.com/7952783-gravity-flip,$65
https://flippa.com/7902808-learn-about-drums,$50
https://flippa.com/7953935-flappy-cat,$35
https://flippa.com/7948578-little-snow,$155
https://flippa.com/7945215-metal-pinball,$69
https://flippa.com/7902530-clash-of-farms,$350
https://flippa.com/7955383-monster-skater,$99
https://flippa.com/7948554-farm-fruit-country-paradise,$155
https://flippa.com/7798934-birthday-cakes,$50
https://flippa.com/7901375-women-eye-makeup,$65
https://flippa.com/7798936-cleaner-for-whatsapp,$230
https://flippa.com/7887760-rally-racing-2015,"$3,800"
https://flippa.com/7948596-jetpack-boy,$69
https://flippa.com/7948772-kidnapper-bike,$100
https://flippa.com/8034430-vikings-casino-slots,$95
https://flippa.com/8033337-trump-jump,$130
https://flippa.com/8032415-assassin-warrior,$75
https://flippa.com/7902823-100-cakes-bakes-recipes,$500
https://flippa.com/7989230-brick-breaker,$130
https://flippa.com/8033662-greatest-facts-of-holy-bible,$60
https://flippa.com/8015132-musify,$39
https://flippa.com/8029278-meer-online-fm-radio,$125
https://flippa.com/8031629-trump-wall-jump,$80
https://flippa.com/8031625-black-ball,$26
https://flippa.com/8031626-robots-city,$41
https://flippa.com/8017952-flying-fish,$25
https://flippa.com/8029908-panda-escape,$51
https://flippa.com/8029998-fire-note,$200
https://flippa.com/8009065-crazy-crayons,$40
https://flippa.com/8006887-revolvy-planets,$150
https://flippa.com/8027209-elite-golf-club,$125
https://flippa.com/8030678-shadow-cube,$51
https://flippa.com/7977606-flappy-bee-or-buzzy-flap-story,$99
https://flippa.com/8030119-zombie-crash,$38
https://flippa.com/7999254-zombie-waves,$28
https://flippa.com/8017610-gif-for-sharing-pro,$75
https://flippa.com/8006761-stop-the-dot,$50
https://flippa.com/8017758-voice-effects,$129
https://flippa.com/8029271-horse-land,$75
https://flippa.com/8017530-jet-war,$95
https://flippa.com/8017885-super-cleaner-security-booster,$300
https://flippa.com/8015936-monster-jungle,$65
https://flippa.com/8002014-holiday-hop,$119
https://flippa.com/7976111-candyland-girl-run,$35
https://flippa.com/7998076-perfect-animal-shape,$24
https://flippa.com/8007684-qr-code-reader-generator,$20
https://flippa.com/8007524-fitjoy,$41
https://flippa.com/8009328-chest-workout-routine-at-home,"$1,000"
https://flippa.com/8001842-7-min-arm-exercises-workouts,"$1,000"
https://flippa.com/8027067-legs-abdominal-butt-workout,"$3,500"
https://flippa.com/8001845-partner-exercises-and-workout,$400
https://flippa.com/8016948-full-body-exercise-program,$600
https://flippa.com/8009324-butt-workout-and-exercises,$500
https://flippa.com/8001873-plank-exercise-for-flat-tummy,$500
https://flippa.com/8015885-pirates-casino-slots,$104
https://flippa.com/8010299-anubis-slots-golden-way-casino,$180
https://flippa.com/8001808-amazing-diamond-match,$100
https://flippa.com/8008233-iggrab-photo-video,$85
https://flippa.com/7972409-learning-tutorials-for-excel,$80
https://flippa.com/8015118-naughty-jelly-match,$110
https://flippa.com/7977568-hill-climb-racing-4x4,$450
https://flippa.com/7999101-textscheduler-pro,$70
https://flippa.com/8009740-angry-sumo,$50
https://flippa.com/7966488-mind-games,$99
https://flippa.com/8032673-phone-enhancer,$65
https://flippa.com/7947012-stack-cube,$35
https://flippa.com/8034111-sweet-puzzle-blast,$500
https://flippa.com/6914373-swap-blocks,$110
https://flippa.com/8050570-commando-war-city,$60
https://flippa.com/8041747-sounds-of-animals-for-babies,$54
https://flippa.com/8040948-dinosaurs-jungle-runner,$80
https://flippa.com/8052958-mermaid-casino-slots,$150
https://flippa.com/8051469-aliens-casino-slots,$85
https://flippa.com/8029319-t20-world-cup-2016-cricket-3d,$400
https://flippa.com/8051573-super-soldier,$35
https://flippa.com/8034114-kids-color-share,$99
https://flippa.com/8051530-plummet-downhill,$159
https://flippa.com/8044732-abc-for-kids-run-and-learn,$20
https://flippa.com/8048734-super-viking,$75
https://flippa.com/8044642-contract-shooter,$111
https://flippa.com/8050575-race-ace,$45
https://flippa.com/8034444-hungry-shark-hunter,$69
https://flippa.com/8048899-multiplegames,$43
https://flippa.com/8032655-gopher-desert-runner,$26
https://flippa.com/8046303-follow-the-track,$36
https://flippa.com/8042996-dal-makhani-home-made-recipe,$70
https://flippa.com/8049869-mummy-casino-slots,$105
https://flippa.com/8036363-picwow-editor-selfie-collage,$104
https://flippa.com/7955278-shooter-boy-run,$109
https://flippa.com/7999944-vidgrid-video-photo-collages,"$1,300"
https://flippa.com/8045066-jurassic-adventure,$129
https://flippa.com/8026524-puzzlefun,$75
https://flippa.com/8027233-bow-and-hunter,$24
https://flippa.com/8041523-zigball,$31
https://flippa.com/7944445-bet-advisors-pro-bet-comment,"$2,670"
https://flippa.com/8042600-crazy-fox-run,$75
https://flippa.com/8040313-sms-timer,$149
https://flippa.com/7999761-btc-reward-earn-free-bitcoin,$800
https://flippa.com/8040405-swimming-raccoon,$125
https://flippa.com/8029127-purple-magic-junk-sweeper,$36
https://flippa.com/8038584-crazy-polar-bear,$35
https://flippa.com/8036343-rocket-penguin,$68
https://flippa.com/8034515-sniper-assassin-prison-escape,$60
https://flippa.com/8009935-tooney-sniper-3d,$455
https://flippa.com/8028428-zipper-lock-screen,$400
https://flippa.com/8042603-egypto-casino-slots,$135
https://flippa.com/8034975-jet-adventure,$57
https://flippa.com/8034157-metal-war-super-soldier,$25
https://flippa.com/8036056-spacetwist,$26
https://flippa.com/8036052-mathchallenge,$11
https://flippa.com/8009793-flappy-dragon,$40
https://flippa.com/7979920-automatic-call-blocker,$50
https://flippa.com/8039827-whatsweb,$550
https://flippa.com/8032991-instaclickphoto,$40
https://flippa.com/8086775-poke-runner,$69
https://flippa.com/8086586-places-near-me,$199
https://flippa.com/7967268-drone-marketplace-buy-sell,$250
https://flippa.com/8017972-music-mixer-pad,$450
https://flippa.com/8084517-mega-casino-slots,$75
https://flippa.com/8082413-birds-match-war,$72
https://flippa.com/8079719-your-horoscope,$55
https://flippa.com/8086081-kids-learning,$249
https://flippa.com/8086891-winter-jump,$59
https://flippa.com/8085159-advanced-sms-message-scheduler,$249
https://flippa.com/8086577-live-currency-converter,$149
https://flippa.com/8044091-hidden-objects,$64
https://flippa.com/8079715-qr-barcode-reader-generator,$81
https://flippa.com/8078072-tot-screen-recorder,$125
https://flippa.com/8082349-sea-casino-slots,$85
https://flippa.com/8044986-buffalo-slot-machine-las-vegas,"$1,250"
https://flippa.com/8040912-bluetooth-chat,$140
https://flippa.com/8079838-santa-fun-run,$75
https://flippa.com/8051097-soccer-ball,$45
https://flippa.com/8049977-dog-adventure,$129
https://flippa.com/8052915-match-sugar-jelly,$140
https://flippa.com/8077686-warrior-guardian,$95
https://flippa.com/8035265-tiger-spin-slot,$75
https://flippa.com/8046381-go-emoji-down,$41
https://flippa.com/8059721-sky-jet-fight,$91
https://flippa.com/8050554-ziggalchat,$132
https://flippa.com/8050435-octopus-away,$75
https://flippa.com/8044899-fake-gps-pro,$205
https://flippa.com/8044783-rapid-fire-gun-sounds,$41
https://flippa.com/8069706-grumpy-bird,$40
https://flippa.com/8038411-fruit-monster-blast,$275
https://flippa.com/8044607-quickip,$50
https://flippa.com/8028369-easy-cash-rewards-app,"$1,200"
https://flippa.com/8051146-devil-fall,$30
https://flippa.com/8052222-wall-climb-switch,$85
https://flippa.com/8077731-robber-land,$75
https://flippa.com/8018210-white-arrow,$50
https://flippa.com/8045016-droid-info,$375
https://flippa.com/8049690-ball-adventure-2050,$40
https://flippa.com/8050630-dual-satellite,$31
https://flippa.com/8061237-sharks-casino-slots,$400
https://flippa.com/8051038-spacewars,$100
https://flippa.com/8050628-slippy-jellyfish,$129
https://flippa.com/8061496-2tunnels,$199
https://flippa.com/8045406-go-rabbit-go,$37
https://flippa.com/8052056-basketball-jump-2018,$46
https://flippa.com/8052075-turbo-cleaner,$149
https://flippa.com/8040976-drifting-car,$36
https://flippa.com/8059823-jetpack-arcade,$199
https://flippa.com/8050006-zoo-breaker,$31
https://flippa.com/8134996-bounce-ball,$31
https://flippa.com/8084026-balloons-drop-blocks,$40
https://flippa.com/8084020-2048-super-puzzle,$105
https://flippa.com/8051202-bat-escape,$39
https://flippa.com/8132230-shoot,$65
https://flippa.com/8051205-loli-memory,$29
https://flippa.com/8051213-sweet-run,$34
https://flippa.com/8051198-loli-food,$29
https://flippa.com/8051210-loli-rainbow,$29
https://flippa.com/8051211-loli-run,$34
https://flippa.com/8110065-animal-cute-jumper,$77
https://flippa.com/8087333-flare-fall-challenge,$80
https://flippa.com/8134998-santa-run,$45
https://flippa.com/8109593-tiger-slots,$80
https://flippa.com/8045983-panda-fruits-farmer,$85
https://flippa.com/8110117-the-jetpack-man,$100
https://flippa.com/8110012-pengu-run,$99
https://flippa.com/8131020-ultra-fast-cleaner-2017,$125
https://flippa.com/8001506-phone-cleaner-pro,$110
https://flippa.com/8087006-pro-screen-recorder-no-root,$125
https://flippa.com/8085196-masked-ninja-girl,$109
https://flippa.com/8080544-dirt-bike,$760
https://flippa.com/8085257-space-crash,$16
https://flippa.com/8106178-space-jet-fighting,$49
https://flippa.com/8109568-fruit-casino-slots,$165
https://flippa.com/8135504-line-duel,$300
https://flippa.com/8109461-galaxy-soldiers,$42
https://flippa.com/8099526-video-status-for-whatsapp,$60
https://flippa.com/8008939-rap-beats-instrumental-beats,$600
https://flippa.com/8034610-share-app,$40
https://flippa.com/8031700-sweet-candy-match,$50
https://flippa.com/8116166-pharaos-slots,$130
https://flippa.com/7978431-fall-asleep-in-10-minutes,$199
https://flippa.com/8085517-shine-makeup-hair-salon,$220
https://flippa.com/8082411-internetspeedtest-for-android,$70
https://flippa.com/8084037-kids-bible-quiz,$125
https://flippa.com/8054733-perfect-beauty-guide,$200
https://flippa.com/8087321-skigame,$41
https://flippa.com/8051200-flappy-loli,$69
https://flippa.com/8085828-meteor-defence,$21
https://flippa.com/8087482-shop2o-winter-is-coming,$265
https://flippa.com/8042931-metal-tower,$120
https://flippa.com/8086890-tapping-birds,$35
https://flippa.com/8082830-dracula-vs-zombie,$85
https://flippa.com/8083879-advanced-debt-tracker,$199
https://flippa.com/8084567-mathza,$40
https://flippa.com/8084527-boat-surfing,$60
https://flippa.com/8107254-panda-slots,$110
https://flippa.com/8051822-calls-blocker,$200
https://flippa.com/8007554-price-helper-currency,"$1,000"
https://flippa.com/8131601-monster-crush,$35
https://flippa.com/8138834-egg-farm,$75
https://flippa.com/8143069-bear-puzzle,$90
https://flippa.com/8142634-crazy-urban-truck,$110
https://flippa.com/8142037-hill-climb-rider,$50
https://flippa.com/8086373-fast-cleaner-for-whatsapp,$200
https://flippa.com/8137867-diy-crafts,$935
https://flippa.com/8061246-animal-tower,$35
https://flippa.com/8138876-sky-jet-attack,$75
https://flippa.com/8140737-zoo-blast,$19
https://flippa.com/8140738-little-octopus,$25
https://flippa.com/8131439-zebrowne,$150
https://flippa.com/8137606-space-doodle,$75
https://flippa.com/8142919-wolf-slots,$85
https://flippa.com/8138591-fruit-boy,$30
https://flippa.com/8051979-meme-creator,$250
https://flippa.com/8138243-plane-runner-adventure,$25
https://flippa.com/8086376-face-morph-morphing,$96
https://flippa.com/8142021-magic-diamond-match,$75
https://flippa.com/8140764-2nd-account-for-whatsapp,$126
https://flippa.com/8142216-fall-of-the-monster,$40
https://flippa.com/8136967-lion-slots,$97
https://flippa.com/8051677-candy-switch-mania,$45
https://flippa.com/8107258-jurassic-racing,"$3,900"
https://flippa.com/8137685-jungle-boy,$40
https://flippa.com/8087354-name-tattoos-ideas,"$2,500"
https://flippa.com/8082533-truck-delivery-simulator,$200
https://flippa.com/8109698-wakey-wakey-alarm,$500
https://flippa.com/8029036-brain-block-puzzle,$50
https://flippa.com/8131500-paper-planes,$45
https://flippa.com/8137903-santa-fun,$27
https://flippa.com/8137825-purple-magic-junk-sweeper,$60
https://flippa.com/8087465-gun-sound-fx,$41
https://flippa.com/8087346-fullscreen-pattern-lock,$545
https://flippa.com/8135111-places-marker,$85
https://flippa.com/8131496-kong-run-in-jungle,$110
https://flippa.com/8049958-bible-the-daily-bread,$109
https://flippa.com/8135500-the-miner,$70
https://flippa.com/8135346-android-app,$149
https://flippa.com/8052314-videotogif,$150
https://flippa.com/8086375-age-scanner-prank,$55
https://flippa.com/7975426-adventure-boy-adventure-game,$200
https://flippa.com/8086274-jump-through-those-walls,$200
https://flippa.com/8084461-curry-shots,"$13,000"
https://flippa.com/8033025-adventurous-marine,$196
https://flippa.com/8137537-wall-switch-up,$45
https://flippa.com/8033371-car-soccer,$220
https://flippa.com/8136787-knight-s-world,$75
https://flippa.com/8108861-music-mixer-2017-pro,$999
https://flippa.com/8135160-bunny-run,$79
https://flippa.com/8149618-running-ball,$31
https://flippa.com/8151425-the-monkey,$30
https://flippa.com/8137652-super-jungle-world-adventure,$500
https://flippa.com/8154343-fruit-devil-match,$150
https://flippa.com/8087299-call-recorder-pro,$130
https://flippa.com/8155709-desert-run-3d,$300
https://flippa.com/8142926-call-filter-blocker,$149
https://flippa.com/8151421-2-account-for-whatsapp,$200
https://flippa.com/8147797-pengu-adventure,$70
https://flippa.com/8155177-realtime-horoscope,$60
https://flippa.com/8152804-octopus-away,$60
https://flippa.com/8142936-new-free-flow-link,$80
https://flippa.com/8149100-royal-casino-slots,$201
https://flippa.com/8152430-trump-match-adventure,$62
https://flippa.com/8136267-street-art-3d,"$1,050"
https://flippa.com/8110083-move-me-higher,$250
https://flippa.com/8147841-gun-sounds-simulator,$40
https://flippa.com/8149179-air-collision-pro,$31
https://flippa.com/8138773-flappy-dj-the-key-to-success,$160
https://flippa.com/8084558-light-smart-weather-pro,$35
https://flippa.com/8150199-naughty-jelly-match-3,$40
https://flippa.com/8147805-multi-scheduler,$129
https://flippa.com/8138018-guess-the-food-quiz,$40
https://flippa.com/8149763-speed-breaker,$60
https://flippa.com/8147649-blue-guy-adventure,$25
https://flippa.com/8136833-diy-crafts-plastic-bottles,"$1,651"
https://flippa.com/8147969-instant-app-backup-restore,$45
https://flippa.com/8110079-direct-the-cubes,$199
https://flippa.com/8147081-sunset-run,$60
https://flippa.com/8147802-mount-climb,$46
https://flippa.com/8145760-galaxy-adventure,$80
https://flippa.com/8140752-tappy-bricks,$32
https://flippa.com/8142915-qr-reader-generator,$50
https://flippa.com/8144696-learn-english-fast,$300
https://flippa.com/8144781-deep-diggers,$100
https://flippa.com/8148318-jelly-jewel-match,$65
https://flippa.com/8142932-flowers-match-mania,$100
https://flippa.com/8137774-hairstyles-tutorial-for-women,$499
https://flippa.com/8080290-easy-fitness-bmi-calculator,$50
https://flippa.com/8145199-rider-boy,$46
https://flippa.com/8141095-keep-it-bound,$230
https://flippa.com/8142644-traveler-city-guide-app,$300
https://flippa.com/8146582-fruits-farm-slots,$70
https://flippa.com/8080288-eye-healthcare-and-protection,$55
https://flippa.com/8080292-currency-converter-solutions,$85
https://flippa.com/8010719-flappy-trump,$200
https://flippa.com/8141817-bear-miners,$21
https://flippa.com/8078097-screen-recorder-pro-no-root,$300
https://flippa.com/8141297-super-chick-duck,$65
https://flippa.com/8109082-reco-no-root-screen-recorder,$125
https://flippa.com/8154259-viking-warrior,$55
https://flippa.com/8165838-ghost-hero,$51
https://flippa.com/8165759-turtle-slots,$55
https://flippa.com/8167547-cartoon-match-world,$90
https://flippa.com/8160294-lil-soldier-run,$41
https://flippa.com/8164604-bear-miners,$30
https://flippa.com/8147914-hop-cube-twisting,$150
https://flippa.com/8154862-boxgames,$40
https://flippa.com/8149174-digi-block-jumping,$200
https://flippa.com/8142733-fast-reddit-reader,$199
https://flippa.com/8161518-speed-ball,$46
https://flippa.com/8161556-crazy-cube-flip,$35
https://flippa.com/8165018-angry-jelly-mark,$85
https://flippa.com/8148584-android-app,$202
https://flippa.com/8157541-second-account-for-whatsapp,$150
https://flippa.com/8109835-guess-word,$700
https://flippa.com/8160046-go-up-octopus,$75
https://flippa.com/8158639-diamond-match-fun,$70
https://flippa.com/8154415-red-blaze,$80
https://flippa.com/8158788-car-cruise-2018,$26
https://flippa.com/8156053-play-fruits-match,$72
https://flippa.com/8155793-math-puzzle-evolution,$75
https://flippa.com/8158282-winter-ski,$61
https://flippa.com/8155355-batteryoptimizer,$70
https://flippa.com/8155166-shoot-and-bang,$100
https://flippa.com/8154238-mightyboy,$50
https://flippa.com/8156670-target-point,$50
https://flippa.com/8156305-the-jet-fighter,$30
https://flippa.com/8155809-ball-puzzle,$19
https://flippa.com/8155810-cupcakes-match,$24
https://flippa.com/8109985-tic-tac-toe-neon,$46
https://flippa.com/8155676-lady-vs-monster,$35
https://flippa.com/8155699-jurassic-slots,$75
https://flippa.com/8155687-crazy-octopus,$31
https://flippa.com/8149323-infinite-dot-run,$159
https://flippa.com/8106509-muslim-case-prayers-athan,$80
https://flippa.com/8109444-motocross-biking-adventure-v2,$170
https://flippa.com/8144680-cash-me-outside-how-bout-dat,$155
https://flippa.com/8018204-core-power-daily-training-abs,$782
https://flippa.com/8155165-the-santa-run,$33
https://flippa.com/8152650-ninja-climbing,$70
https://flippa.com/8143320-dice-games-craps,$150
https://flippa.com/8157503-elley-birds,$100
https://flippa.com/8141098-stony-rain,$200
https://flippa.com/8154128-fighter-plane,$25
https://flippa.com/8154138-mountain-racing,$40
https://flippa.com/8145871-basketball-bounce,$50
https://flippa.com/8138759-pipe-flush-plumbing-wizard,$45
https://flippa.com/8156975-desert-sniper-short-dust-2017,$250
https://flippa.com/8149652-soldier-jump,$36
https://flippa.com/8181923-petsitter-job-search,$149
https://flippa.com/8177513-penguin-run,$51
https://flippa.com/8173561-candy-crunch-blast,$200
https://flippa.com/8180282-fruit-splash-crush,$61
https://flippa.com/8172885-fox-slots,$65
https://flippa.com/8154233-galaxy-iron-fist,$210
https://flippa.com/8177501-cube-up-down,$16
https://flippa.com/8180225-pirates-battle-arcade,$29
https://flippa.com/8052928-free-music-stream-mp3-hq-sound,"$2,900"
https://flippa.com/8180715-moo-memory-game-for-kids,$100
https://flippa.com/8142739-autocall-recorder-plus,$175
https://flippa.com/8087358-caller-name-announcer-pro,$160
https://flippa.com/8157334-predict-dota-2,"$1,000"
https://flippa.com/8149106-super-soccer-3d-slots,$150
https://flippa.com/8180060-whois-test,$67
https://flippa.com/8175170-moving-boll,$41
https://flippa.com/8168237-friendue,$169
https://flippa.com/8168242-business-index,$129
https://flippa.com/8177694-treasures-match-adventure,$70
https://flippa.com/8173546-flying-jet,$41
https://flippa.com/8180664-2nd-account-for-whatsapp,$160
https://flippa.com/8181667-ottomania,"$15,001"
https://flippa.com/8177523-wolf-casino-slots,$50
https://flippa.com/8110016-game-of-truth,$400
https://flippa.com/8160324-social-media-hubster,$606
https://flippa.com/8175488-diamond-match-mania,$85
https://flippa.com/8165398-3d-copter-assault-vr-360,$500
https://flippa.com/8171187-crazy-cube-crush,$45
https://flippa.com/8164870-screencast-pro-no-root,$150
https://flippa.com/8171144-fox-hexa-puzzle,$90
https://flippa.com/8171119-speed-boat,$31
https://flippa.com/8157242-crazy-jumpy,$820
https://flippa.com/8161542-go-kart-racing,"$3,500"
https://flippa.com/8170285-jungle-runner,$47
https://flippa.com/8174999-buddiez,$60
https://flippa.com/8176633-funny-ball-match,$115
https://flippa.com/8168096-hexagon-vs-arrow,$50
https://flippa.com/8168014-lady-hunter,$16
https://flippa.com/8154314-custom-skin-creator,"$7,550"
https://flippa.com/8162018-multi-converter,$129
https://flippa.com/8167849-monkey-run,$30
https://flippa.com/8156872-space-cannon,$46
https://flippa.com/8154884-instant-currency-converter,$155
https://flippa.com/8167114-car-climbing,$35
https://flippa.com/8164553-animals-match-adventure,$61
https://flippa.com/8167103-diamond-slots,$65
https://flippa.com/8172873-mini-match-fury,$40
https://flippa.com/8165052-sky-jet-war,$80
https://flippa.com/8166123-battle-of-aircraft,$60
https://flippa.com/8156777-flicker-soccer,"$1,000"
